{"cameraMode":{"drawMode":0,"name":"Shaded","section":"Shading Mode"},"sceneLighting":true,"audioPlay":false,"sceneViewState":{"showFog":true,"showMaterialUpdate":true,"showSkybox":true,"showFlares":true,"showImageEffects":true,"showParticleSystems":true},"in2DMode":false,"pivot":{"x":-0.3269050121307373,"y":-0.24284905195236207,"z":-1.2083775997161866},"rotation":{"x":0.1188901737332344,"y":-0.7004871368408203,"z":0.12010116875171662,"w":0.693367600440979},"size":7.936247825622559,"orthographic":false}